age,date_joined,first_name,ind,last_name
42,2017-02-18 00:31:22,Christopher,6353,Hernandez
27,2016-03-08 13:38:37,Christopher,2015,Bradshaw
59,2017-05-12 21:22:17,Alexander,10673,Cervantes
48,2016-02-27 16:57:44,Christopher,1857,Hamilton
45,2016-09-15 06:02:53,Christopher,10020,Hawkins
35,2015-10-22 22:42:23,Christopher,2041,Campbell
48,2016-06-13 17:09:14,Christopher,7031,Anderson
27,2016-03-08 13:38:37,Christopher,2015,Bradshaw
39,2016-06-29 20:43:59,Christina,6398,Davenport
20,2015-10-23 04:13:23,Alexandria,3599,Alvarado
20,2015-10-23 04:13:23,Alexandria,4256,Alvarado
44,2016-12-18 16:05:39,Michelle,1901,Richardson
20,2015-10-23 04:13:23,Alexandria,3831,Alvarado
23,2015-10-31 19:20:09,Alexandria,6602,Anderson
20,2015-10-23 04:13:23,Alexandria,4249,Alvarado
20,2015-10-23 04:13:23,Alexandria,4245,Alvarado
26,2016-06-16 14:07:36,Catherine,10677,Mitchell
20,2015-10-23 04:13:23,Alexandria,3896,Alvarado
55,2017-08-12 13:26:38,Alexander,2161,Rodriguez
30,2016-03-02 23:44:12,Christopher,813,Gonzalez
22,2016-03-24 09:38:54,Christopher,2595,Barnett
20,2015-10-23 04:13:23,Alexandria,3717,Alvarado
20,2015-10-23 04:13:23,Alexandria,3475,Alvarado
45,2016-09-15 06:02:53,Christopher,9582,Hawkins
23,2015-10-31 19:20:09,Alexandria,5930,Anderson
20,2015-10-23 04:13:23,Alexandria,4249,Alvarado
39,2016-06-29 20:43:59,Christina,6398,Davenport
20,2015-10-23 04:13:23,Alexandria,3599,Alvarado
20,2015-12-01 15:08:31,Christopher,5076,Butler
39,2017-07-19 07:12:04,Michelle,7790,Gutierrez
49,2016-04-22 20:36:02,Brittany,10509,Thompson
25,2016-08-19 02:29:26,Elizabeth,10248,English
30,2016-09-05 12:31:44,Jonathan,1487,Rodriguez
31,2016-07-30 01:45:47,Valerie,10917,Rodriguez
28,2015-12-18 10:50:10,Jennifer,10734,Arellano
24,2016-01-12 17:59:43,Brandon,10429,Henderson
24,2016-06-26 00:05:17,Samantha,2946,Carpenter
49,2016-02-27 04:42:03,Robert,10600,Mclaughlin
30,2016-09-05 12:31:44,Jonathan,1487,Rodriguez
40,2017-03-07 21:33:30,Christopher,4761,Norman
53,2017-04-05 13:59:02,Garrett,10721,Hernandez
27,2016-03-03 11:25:21,Christina,7206,Anderson
25,2016-04-15 17:06:49,Christopher,6806,Daniel
27,2016-04-11 21:27:52,Andrea,2267,Blankenship
24,2016-03-24 23:39:08,Danielle,2532,Hernandez
39,2017-07-19 07:12:04,Michelle,7790,Gutierrez
42,2016-02-08 16:47:33,Christopher,10675,Combs
25,2016-02-14 23:08:47,Christopher,1969,Haynes
44,2016-12-10 09:13:47,Kathleen,10274,Hamilton
25,2016-11-01 23:16:19,Christopher,9774,Foster
36,2017-08-18 16:25:58,Jonathan,5379,Rodriguez
27,2016-04-11 21:27:52,Andrea,2004,Blankenship
31,2016-01-17 23:28:43,Charles,2456,Hutchinson
20,2015-12-01 15:08:31,Christopher,5076,Butler
39,2017-07-19 07:12:04,Michelle,7790,Gutierrez
49,2016-04-22 20:36:02,Brittany,10509,Thompson
43,2016-07-21 15:25:08,Chelsea,10119,Gonzalez
21,2017-01-02 03:01:09,Catherine,3716,Ferrell
20,2015-11-24 21:01:23,Alejandra,7268,Acevedo
45,2017-05-24 01:41:26,Nicholas,9426,Mcdaniel
59,2017-06-01 10:55:10,Michael,7116,Mcconnell
20,2015-11-16 13:25:08,Benjamin,1335,Campbell
36,2017-02-16 16:01:34,Danielle,4765,Gonzalez
41,2016-06-14 11:16:18,Heather,10204,Gonzalez
33,2016-12-09 23:34:15,Elizabeth,9355,Johnson
23,2016-07-14 11:45:49,Gregory,9332,Carpenter
49,2016-10-03 13:42:13,Katherine,10585,Dennis
29,2016-01-03 02:33:53,Alexandra,3185,Fuentes
20,2015-11-24 21:01:23,Alejandra,7285,Acevedo
23,2016-07-14 11:45:49,Gregory,9099,Carpenter
47,2016-07-06 00:08:29,Alexandra,320,Anderson
21,2016-05-23 23:48:56,Christopher,2787,Brown
31,2016-02-28 10:31:48,Jonathan,7093,Martinez
20,2017-06-01 02:30:48,Stephanie,10908,Cooper
23,2015-12-09 20:29:10,Christina,9234,Aguilar
34,2017-09-17 01:53:38,Gabrielle,10369,Flores
30,2016-05-25 10:09:22,Christopher,9950,Bates
21,2015-12-08 00:29:58,Danielle,3632,Chambers
20,2015-11-24 21:01:23,Alejandra,7154,Acevedo
29,2016-08-20 04:54:42,Christian,10440,Howell
32,2017-04-30 14:55:27,Lauren,4925,Richardson
24,2016-12-29 04:45:35,Kristen,3542,Stevenson
48,2016-01-02 21:18:48,Kaitlyn,4675,Rodriguez
29,2016-04-04 18:49:31,Deanna,10904,Alexander
22,2015-11-06 05:05:43,Alexandra,10097,Austin
41,2016-06-14 11:16:18,Heather,10204,Gonzalez
22,2015-11-06 05:05:43,Alexandra,10179,Austin
43,2016-07-21 15:25:08,Chelsea,10119,Gonzalez
21,2015-12-08 00:29:58,Danielle,4271,Chambers
34,2016-09-17 04:22:25,Christopher,6636,Green
50,2016-07-23 22:52:16,Bradley,7914,Hernandez
21,2016-05-23 23:48:56,Christopher,2756,Brown
36,2017-08-13 20:35:56,Stephanie,10091,Taylor
23,2015-11-12 09:14:36,Abigail,3984,Gutierrez
21,2016-02-07 15:51:55,Brittany,6624,Campbell
20,2015-11-24 21:01:23,Alejandra,7563,Acevedo
40,2016-06-18 00:06:19,Danielle,2179,Atkinson
43,2016-07-21 15:25:08,Chelsea,10119,Gonzalez
21,2015-11-10 09:27:42,Andrea,8731,Alexander
24,2016-03-31 20:56:39,Austin,8887,Rodriguez
23,2015-12-01 18:15:02,Christine,7768,Cortez
20,2015-10-30 11:37:32,Alexander,9268,Bailey
20,2017-03-10 19:53:44,Justin,3011,Singleton
22,2016-05-11 01:36:00,Brandon,1699,Cummings
22,2015-11-04 15:48:14,Adrienne,1961,Barrett
55,2015-11-18 05:46:35,Mark,10837,Richardson
53,2016-02-14 19:17:10,Grant,8745,Villanueva
41,2015-12-22 01:36:15,Charles,2987,Robinson
23,2016-01-02 03:36:30,Heather,6652,Arellano
20,2015-12-05 21:04:46,Alexander,4027,Bailey
35,2016-05-31 01:40:44,Brandi,2810,Cervantes
54,2016-12-08 15:53:57,Sarah,7511,Valenzuela
33,2016-04-01 13:54:42,Monica,6865,Hernandez
34,2016-01-23 03:59:37,Daniel,10137,Matthews
29,2017-07-24 18:11:03,Nicole,10865,Harrison
42,2017-06-29 14:26:41,Jeffery,9653,Roberson
42,2016-04-01 01:20:00,Melissa,8889,Thompson
44,2016-10-26 03:56:51,Christopher,10278,Fox
46,2017-08-15 03:04:44,Kristy,7950,Donaldson
22,2015-11-06 05:05:43,Alexandra,9904,Austin
28,2016-10-28 04:09:37,Melody,10513,Thompson
21,2015-11-10 09:27:42,Andrea,9054,Alexander
56,2017-07-22 19:52:39,Katherine,7718,Howell
20,2015-10-30 11:37:32,Alexander,8700,Bailey
20,2015-11-20 09:08:00,Andrew,8315,Alexander
20,2015-11-20 09:08:00,Andrew,7902,Alexander
33,2016-04-27 01:35:39,Christina,4186,Bryant
25,2015-12-02 11:20:58,Darryl,3882,Alexander
51,2016-05-17 07:56:53,Natasha,3111,Gonzalez
21,2015-11-10 09:27:42,Andrea,8834,Alexander
35,2016-05-31 01:40:44,Brandi,2810,Cervantes
22,2016-06-07 14:30:06,Alexandria,7861,Gross
20,2015-11-20 09:08:00,Andrew,8282,Alexander
41,2016-12-24 11:07:22,Patrick,1324,Davidson
57,2017-07-17 15:31:30,Alejandro,1214,Graham
20,2015-10-30 11:37:32,Alexander,8843,Bailey
59,2017-08-19 13:07:48,Kristina,10671,Dawson
25,2016-01-19 18:17:05,Jessica,7537,Sullivan
38,2016-11-17 23:45:04,Amanda,7183,Maldonado
21,2015-11-10 09:27:42,Andrea,9223,Alexander
32,2016-10-01 05:49:39,Jermaine,8277,Hensley
32,2015-11-03 07:55:11,Christopher,737,Evans
21,2015-11-10 09:27:42,Andrea,8591,Alexander
40,2016-04-07 05:11:10,Clarence,10501,Brooks
41,2016-09-23 04:00:32,Crystal,6324,Santiago
21,2015-11-10 09:27:42,Andrea,9267,Alexander
21,2015-10-26 18:21:55,Bradley,10920,Bennett
23,2015-12-01 18:15:02,Christine,8361,Cortez
22,2015-11-04 15:48:14,Adrienne,6498,Barrett
31,2016-06-30 04:37:04,Alexander,8007,Briggs
36,2015-11-26 03:34:44,Jacqueline,10932,King
29,2017-10-07 02:13:59,Elaine,9995,Contreras
42,2015-11-01 14:19:20,Arthur,5526,Hernandez
20,2016-02-14 15:45:12,Laura,10078,Jefferson
24,2016-03-31 20:56:39,Austin,8887,Rodriguez
51,2016-03-23 19:05:18,Alexandra,117,Mendoza
31,2015-10-22 08:40:35,Caroline,3937,Carlson
44,2016-10-26 03:56:51,Christopher,10278,Fox
25,2015-12-02 11:20:58,Darryl,4159,Alexander
23,2016-01-02 03:36:30,Heather,6041,Arellano
44,2016-06-05 06:01:34,Joseph,1023,Dominguez
20,2015-11-20 09:08:00,Andrew,7619,Alexander
21,2015-11-10 09:27:42,Andrea,9135,Alexander
31,2015-12-11 10:56:55,Anthony,7035,Buchanan
20,2015-11-20 09:08:00,Andrew,8282,Alexander
55,2015-11-21 00:17:03,Jasmine,8397,Gonzalez
21,2015-11-10 09:27:42,Andrea,8731,Alexander
24,2016-03-31 20:56:39,Austin,8887,Rodriguez
23,2015-12-01 18:15:02,Christine,7768,Cortez
36,2015-12-20 16:38:13,Michelle,4315,Prince
32,2017-10-10 20:09:33,Christian,10625,Lang
22,2016-02-11 20:46:04,Jennifer,9672,Hudson
23,2015-11-28 11:52:37,Andrew,8930,Anderson
31,2017-08-04 14:30:22,Alexander,6566,Perez
52,2016-02-07 20:00:25,Richard,3729,Edwards
40,2017-05-16 07:09:21,Michael,10552,Hunter
21,2015-10-25 07:36:08,Aaron,9074,Alexander
28,2016-01-29 20:32:05,Elizabeth,3201,Terry
40,2017-01-12 08:37:12,Timothy,480,Sullivan
21,2015-10-25 07:36:08,Aaron,7586,Alexander
32,2015-10-28 15:48:24,Alexander,1864,Adams
22,2017-04-14 13:57:52,Crystal,3145,Schmidt
24,2016-01-09 19:37:29,Barbara,5742,Edwards
21,2015-11-23 09:01:37,Amanda,10099,Carlson
33,2016-01-16 18:25:10,Heather,5488,Edwards
20,2017-02-10 13:39:15,Daniel,5620,Anderson
60,2017-07-18 11:50:18,Charlotte,4513,Pitts
21,2015-10-25 07:36:08,Aaron,7759,Alexander
20,2016-06-21 10:08:09,Elizabeth,6717,Green
47,2017-05-10 22:51:14,Katrina,9425,Fischer
24,2017-04-08 10:18:26,Samuel,4377,Thompson
41,2017-04-16 22:40:56,Sandra,8505,Humphrey
20,2016-01-21 03:54:20,Andrea,10425,Carroll
41,2017-09-25 07:22:09,Patricia,1254,Harvey
25,2015-12-07 02:19:50,Charles,3436,Johnson
21,2016-02-16 17:03:44,Alexander,8645,Clark
23,2015-11-28 11:52:37,Andrew,8488,Anderson
20,2015-12-11 03:23:37,Linda,5130,Blackwell
20,2016-06-02 03:51:43,Cameron,10160,Medina
30,2015-11-24 03:29:52,Jennifer,9734,Kaiser
21,2015-10-25 07:36:08,Aaron,9155,Alexander
56,2015-12-07 11:53:35,Brenda,7448,Gonzalez
21,2015-10-25 07:36:08,Aaron,8996,Alexander
27,2015-12-10 18:40:42,Alicia,8592,Benjamin
23,2016-04-04 04:03:32,Debbie,2975,Crawford
40,2017-06-28 16:17:39,Michael,1514,Perkins
23,2015-11-28 11:52:37,Andrew,9146,Anderson
44,2017-09-17 22:18:59,Heather,6019,Russell
47,2017-04-24 05:30:31,Melissa,8089,Griffin
28,2015-12-20 22:09:10,Annette,9935,Andrews
49,2017-05-02 07:34:05,William,3878,Donovan
44,2016-06-08 17:23:33,Benjamin,1066,Branch
23,2015-11-28 11:52:37,Andrew,8854,Anderson
37,2017-07-19 01:17:18,Jamie,10862,Harrison
23,2016-03-01 23:23:24,Barbara,4107,English
34,2017-08-21 02:27:26,Tracie,4489,Thompson
53,2017-03-27 10:25:34,Jennifer,1789,Snyder
23,2016-02-22 08:38:01,Amanda,1896,Anderson
23,2016-02-21 14:23:49,Danielle,2354,Barber
23,2015-11-28 11:52:37,Andrew,9256,Anderson
32,2016-09-07 04:52:20,Jeffrey,10073,Hunter
24,2016-04-05 09:58:20,Bradley,5209,Griffin
21,2015-10-25 07:36:08,Aaron,9035,Alexander
23,2015-11-28 11:52:37,Andrew,7356,Anderson
23,2016-07-09 05:03:39,Anthony,7889,Johnson
32,2017-07-02 05:22:18,Melanie,5679,Allison
36,2016-08-30 14:33:44,Benjamin,3345,Turner
42,2016-03-07 21:07:12,Jennifer,7631,Bailey
26,2017-04-30 16:38:10,Joshua,8967,Harrison
46,2017-02-23 00:45:45,Debbie,2297,Mitchell
21,2017-05-24 03:44:43,Margaret,9123,Torres
24,2015-11-11 20:38:26,Amanda,5561,Anderson
34,2016-04-01 21:50:44,Kelly,1032,Blackwell
25,2016-01-08 10:31:10,Jennifer,2925,Lester
24,2015-11-12 08:52:11,Jonathan,2001,Gordon
22,2016-02-25 23:48:54,James,3688,Jefferson
38,2017-05-06 09:43:45,Shane,4327,Blanchard
21,2015-10-25 07:36:08,Aaron,9452,Alexander
20,2015-11-27 04:14:49,Angela,3317,Anderson
60,2016-03-15 14:37:17,Rebecca,5978,Simmons
49,2017-03-31 10:02:35,Brandon,1701,Simmons
23,2015-11-28 11:52:37,Andrew,8941,Anderson
53,2016-02-01 03:06:59,Jeffrey,8705,Gregory
42,2015-11-16 00:07:37,Antonio,6264,Aguilar
39,2016-03-02 15:41:23,Jennifer,1626,Melton
22,2015-12-18 20:54:14,Billy,2952,Armstrong
21,2015-10-23 03:43:54,Aaron,10253,Anderson
32,2017-07-14 17:59:46,Ashley,5566,Anderson
42,2016-08-01 22:44:34,Valerie,10912,Bryant
32,2017-07-14 17:59:46,Ashley,5566,Anderson
21,2015-11-17 14:56:48,Adrienne,2715,Acosta
23,2016-05-13 10:51:36,Louis,7648,Patterson
27,2017-06-05 09:25:41,Nichole,1537,Chapman
46,2016-08-18 08:22:56,Lisa,1301,Washington
23,2015-11-28 11:52:37,Andrew,9402,Anderson
24,2017-02-25 21:08:31,Benjamin,10868,Keith
20,2016-02-11 23:38:24,Bradley,8159,Chapman
24,2015-12-15 10:04:18,Carrie,4757,Chambers
23,2015-11-28 11:52:37,Andrew,8941,Anderson
43,2015-10-22 10:04:23,Linda,228,Mccullough
28,2017-03-16 15:12:04,Brandon,5106,Mueller
24,2015-11-11 20:38:26,Amanda,5561,Anderson
27,2016-04-09 02:08:13,Catherine,2206,Burke
41,2017-02-11 19:17:19,Kathleen,1473,Lawson
35,2017-05-29 13:35:25,Adrian,7487,Marshall
49,2015-12-10 11:03:45,Jacqueline,3774,Ross
29,2015-12-31 18:00:25,Alexandra,4634,Burns
21,2015-11-01 08:04:39,Albert,2908,Calderon
23,2015-11-28 11:52:37,Andrew,9333,Anderson
29,2016-03-07 21:15:54,Nicole,2529,Mcintosh
44,2017-04-25 23:49:22,Sharon,5083,Woodward
28,2016-01-29 20:32:05,Elizabeth,2861,Terry
26,2015-12-20 10:28:00,Brendan,10158,Joseph
47,2017-09-01 01:16:25,Nicole,2316,Mitchell
46,2016-11-22 02:52:41,Alice,9602,Nicholson
46,2017-01-17 18:12:39,Daniel,884,Valentine
20,2017-05-02 10:41:29,Courtney,2183,Barton
22,2017-04-14 13:57:52,Crystal,3145,Schmidt
58,2017-10-14 14:19:06,Bradley,4387,Coleman
30,2017-08-28 21:59:04,Michelle,4085,Larsen
32,2016-09-07 04:52:20,Jeffrey,10073,Hunter
20,2015-11-29 09:31:00,Anthony,217,Martinez
27,2015-11-30 02:06:28,Andrew,2129,Clements
33,2016-01-16 18:25:10,Heather,5488,Edwards
31,2016-04-19 07:03:11,Heidi,6638,Armstrong
22,2015-12-18 20:54:14,Billy,3031,Armstrong
32,2015-10-28 15:48:24,Alexander,5439,Adams
21,2015-10-25 07:36:08,Aaron,9094,Alexander
21,2015-11-05 07:52:21,Alexandra,1944,Brown
36,2015-12-20 16:38:13,Michelle,4315,Prince
32,2017-10-10 20:09:33,Christian,10625,Lang
22,2016-02-11 20:46:04,Jennifer,9672,Hudson
23,2015-11-28 11:52:37,Andrew,8930,Anderson
31,2017-08-04 14:30:22,Alexander,6566,Perez
52,2016-02-07 20:00:25,Richard,3729,Edwards
40,2017-05-16 07:09:21,Michael,10552,Hunter
21,2015-10-25 07:36:08,Aaron,9074,Alexander
32,2016-04-02 03:51:23,Brittany,1313,Jones
34,2016-12-22 00:02:02,Thomas,10794,Turner
20,2016-01-07 19:49:22,David,2959,Griffith
26,2015-12-20 10:28:00,Brendan,9875,Joseph
21,2016-01-03 15:42:12,Annette,2074,Forbes
56,2016-10-15 17:21:39,Gregory,1014,Ramsey
59,2017-06-29 22:35:17,Michael,4137,Decker
21,2015-11-24 02:15:36,Aaron,2411,Bartlett
58,2016-06-03 23:35:30,Michael,4508,Carter
32,2016-03-10 04:11:31,Brittany,771,Butler
46,2015-11-27 23:11:21,Jonathan,1545,Avila
44,2016-10-29 02:07:21,Brandon,603,Jackson
22,2016-02-09 17:01:38,Carlos,5630,Estrada
32,2016-06-08 22:10:13,Donna,1268,Campbell
54,2016-05-15 04:22:01,Alexis,1555,Bennett
20,2015-12-17 08:43:40,Adam,3800,Armstrong
43,2016-03-22 15:45:21,Jesus,2788,Arellano
51,2017-08-14 08:26:30,Nathan,8300,Stanton
46,2016-09-11 22:32:50,Carrie,10337,Parker
39,2016-06-30 02:56:06,Samuel,7832,Hawkins
31,2016-02-06 10:22:53,Christine,778,Adams
21,2015-10-28 03:59:42,Anthony,2565,Adkins
30,2016-07-08 19:10:37,Holly,9778,Campbell
28,2017-04-30 16:41:26,James,5162,Jacobson
35,2016-02-04 14:45:39,Allison,3184,Dawson
29,2016-02-18 23:18:39,Mindy,1521,Garrison
21,2015-10-24 05:35:27,Aaron,7641,Anderson
20,2015-12-17 08:43:40,Adam,4024,Armstrong
47,2016-01-01 03:57:19,Anthony,7905,Duncan
31,2016-09-05 14:41:44,Amber,8341,Robinson
50,2017-05-03 07:29:04,Alyssa,10022,Greene
46,2016-05-11 23:09:30,Courtney,8123,Chung
25,2016-02-14 18:52:16,Christina,5551,Haas
28,2016-04-22 05:55:48,Maria,6660,Davidson
38,2016-04-11 08:54:04,Danielle,8015,Klein
41,2016-04-03 05:17:47,Matthew,6380,Newman
57,2017-01-06 20:27:48,Jeffrey,6299,Gordon
28,2016-04-30 10:03:19,Adrian,3660,Jackson
43,2016-11-11 15:53:15,Madeline,4561,Brown
26,2017-06-07 23:07:30,Shannon,7180,Melton
29,2016-12-25 23:51:01,Cynthia,4781,Guerra
23,2016-01-17 21:06:05,Aaron,4424,Buchanan
25,2017-10-18 06:45:02,Scott,9185,Copeland
21,2015-11-10 12:55:13,Andrew,7896,Alvarez
25,2016-05-09 16:38:08,Amber,456,Cervantes
57,2015-12-07 08:51:53,Matthew,5724,Walker
23,2015-11-10 10:26:14,Andrea,6976,Beasley
30,2015-10-21 07:31:00,Bonnie,2553,Estrada
20,2015-11-14 19:24:56,Anthony,10029,Baker
24,2016-01-03 01:10:04,Alexis,637,Carrillo
21,2015-12-12 01:39:29,Bernard,1667,Arnold
20,2016-01-21 03:54:20,Andrea,6809,Carroll
24,2017-03-24 10:12:14,Stacey,1170,Stewart
45,2016-03-18 23:34:56,Claire,1643,Leonard
20,2015-10-23 13:07:00,Alexandra,781,Allen
21,2015-10-24 05:35:27,Aaron,7983,Anderson
37,2016-06-25 14:36:22,Brittany,6957,Brown
46,2016-06-10 09:51:54,Anthony,160,Mcbride
23,2016-11-13 02:31:21,Julia,10347,Jackson
20,2016-04-01 02:34:49,Scott,1026,Campbell
21,2016-05-11 06:22:07,Benjamin,9929,Brady
24,2015-10-25 03:23:53,Benjamin,8162,Adams
30,2016-06-27 08:35:51,April,6906,Anderson
20,2016-03-21 17:34:44,Timothy,8251,Orozco
20,2015-10-21 22:27:27,Albert,6181,Allison
47,2017-02-08 21:03:46,Jeffrey,1881,Brooks
33,2016-01-01 21:17:41,Angela,1832,Carlson
43,2016-06-20 18:35:26,Heather,4670,Barnes
20,2015-10-28 21:44:56,Angela,2927,Andrews
43,2016-01-23 05:44:11,Cynthia,3164,Harper
53,2016-06-30 20:53:16,Marissa,5084,Spence
20,2015-10-23 13:07:00,Alexandra,570,Allen
44,2016-02-08 18:55:39,Nicole,3710,Johnson
58,2017-08-17 18:45:27,Jeffrey,7770,Hudson
20,2015-10-21 22:27:27,Albert,9010,Allison
44,2016-10-25 14:57:24,Maria,2422,Franklin
59,2016-03-01 14:23:30,Diane,4505,Phillips
20,2015-10-23 13:07:00,Alexandra,155,Allen
23,2016-07-18 00:04:07,Alicia,8519,Burnett
21,2015-10-24 05:35:27,Aaron,7640,Anderson
30,2016-06-27 08:35:51,April,7209,Anderson
23,2015-11-10 10:26:14,Andrea,7068,Beasley
20,2015-10-28 21:44:56,Angela,3226,Andrews
35,2017-10-05 17:45:20,Alison,1481,Harding
20,2015-10-30 20:41:47,Andre,4333,Bartlett
52,2017-05-05 05:06:56,Michelle,1972,Smith
21,2015-10-23 03:43:54,Aaron,6305,Anderson
20,2015-12-17 08:43:40,Adam,4066,Armstrong
23,2016-11-13 02:31:21,Julia,10347,Jackson
20,2015-10-22 11:31:37,Adam,5796,Alexander
56,2017-05-03 22:37:43,Anthony,4210,Golden
20,2015-10-22 11:31:37,Adam,5405,Alexander
20,2015-10-28 21:44:56,Angela,1780,Andrews
33,2015-12-29 22:26:53,Rebecca,3638,Conner
23,2016-04-13 18:06:15,Albert,1707,Jackson
20,2015-10-24 01:15:02,Allison,2779,Acosta
38,2017-04-10 11:52:09,Michelle,9791,Scott
38,2015-11-17 12:56:37,Keith,6834,Martinez
35,2016-02-04 14:45:39,Allison,3052,Dawson
23,2016-04-23 05:36:37,Joshua,10566,Carter
60,2017-08-19 17:07:31,Jordan,1719,Jenkins
38,2016-05-01 21:17:08,Amanda,6645,Herrera
20,2015-10-23 13:07:00,Alexandra,155,Allen
28,2015-10-24 04:11:28,Caitlin,6453,Bailey
21,2015-10-28 03:59:42,Anthony,1745,Adkins
21,2015-11-21 10:00:55,Joseph,5497,Barnett
21,2015-11-11 10:19:51,Dalton,8836,Daniels
28,2015-12-05 21:26:20,Corey,7050,Anderson
21,2015-11-21 10:00:55,Joseph,5231,Barnett
20,2015-10-24 01:15:02,Allison,3259,Acosta
26,2015-11-03 06:28:57,Christian,6521,Cruz
43,2016-01-23 05:44:11,Cynthia,3164,Harper
21,2016-02-15 23:12:43,Brandon,6374,Bender
23,2016-02-23 11:59:45,Angela,6309,Everett
21,2015-12-10 01:13:45,Abigail,3359,Carter
43,2017-04-09 08:19:09,Vickie,8309,Acevedo
60,2017-08-19 17:07:31,Jordan,1719,Jenkins
21,2015-10-24 05:35:27,Aaron,7974,Anderson
21,2015-10-23 03:43:54,Aaron,5003,Anderson
46,2016-10-11 07:57:59,Jamie,10093,Andrews
21,2015-10-24 05:35:27,Aaron,7596,Anderson
43,2017-09-16 15:37:45,Annette,8732,Barber
20,2016-01-07 19:49:22,David,1567,Griffith
23,2016-02-23 11:59:45,Angela,6018,Everett
25,2015-11-15 13:36:03,Andrew,1205,Estrada
40,2016-07-24 11:25:01,Alexis,10319,Taylor
20,2015-12-17 08:43:40,Adam,4050,Armstrong
21,2016-02-14 12:45:08,Jennifer,4381,Kelly
20,2015-10-28 21:44:56,Angela,2639,Andrews
55,2016-04-01 22:44:15,Wendy,6359,Benjamin
24,2015-10-25 03:23:53,Benjamin,8212,Adams
32,2016-01-19 16:19:41,Erin,3911,Armstrong
21,2015-10-24 05:35:27,Aaron,8452,Anderson
44,2017-07-05 17:32:12,Michael,7258,Snyder
55,2016-10-22 19:06:59,Angela,5322,Griffin
26,2015-11-03 06:28:57,Christian,6521,Cruz
24,2015-10-25 03:23:53,Benjamin,7645,Adams
29,2016-06-07 15:09:15,Michael,3992,Taylor
36,2017-06-21 11:07:33,Christine,7182,Leon
24,2015-10-25 03:23:53,Benjamin,7683,Adams
21,2016-02-08 10:08:32,David,3683,Anderson
39,2017-07-12 12:51:57,Jessica,10582,Cline
33,2016-02-15 02:19:16,Joann,5570,Anderson
43,2016-01-30 21:28:23,Jennifer,4036,Pitts
21,2015-11-10 12:55:13,Andrew,1757,Alvarez
47,2016-03-08 02:26:43,Kevin,10068,Marquez
21,2016-01-28 22:04:16,Denise,10300,Graves
40,2016-10-29 10:09:50,Michelle,624,Duncan
22,2016-04-19 13:21:10,Alexis,6509,Frazier
32,2016-04-20 17:48:48,Jennifer,10956,Hill
21,2015-11-24 02:15:36,Aaron,3232,Bartlett
21,2015-11-11 10:19:51,Dalton,8836,Daniels
42,2016-10-07 06:05:52,Bryan,1951,Williams
21,2016-12-04 18:22:22,April,2424,Anderson
28,2016-04-30 10:03:19,Adrian,3450,Jackson
20,2015-10-24 01:15:02,Allison,1649,Acosta
48,2016-03-02 07:39:23,Steven,2022,Sanders
32,2016-04-20 17:48:48,Jennifer,10956,Hill
24,2016-12-26 01:46:06,Joyce,10631,Kennedy
35,2016-06-01 08:35:00,Rebecca,4365,Bailey
21,2015-11-10 12:55:13,Andrew,1757,Alvarez
21,2015-11-06 20:03:21,Anthony,5411,Durham
24,2015-10-25 03:23:53,Benjamin,8212,Adams
23,2017-02-05 15:10:41,Holly,10374,Delgado
24,2015-10-25 03:23:53,Benjamin,8117,Adams
38,2015-11-27 20:15:05,Austin,5690,Alvarez
43,2016-01-25 18:54:31,Joshua,5217,Collins
28,2017-04-30 16:41:26,James,5162,Jacobson
21,2015-11-05 07:52:21,Alexandra,376,Brown
37,2017-07-23 03:45:22,Rebecca,10891,Poole
40,2016-10-29 10:09:50,Michelle,624,Duncan
32,2016-04-02 03:51:23,Brittany,1313,Jones
34,2016-12-22 00:02:02,Thomas,10794,Turner
20,2016-01-07 19:49:22,David,2959,Griffith
26,2015-12-20 10:28:00,Brendan,9875,Joseph
21,2016-01-03 15:42:12,Annette,2074,Forbes
56,2016-10-15 17:21:39,Gregory,1014,Ramsey
59,2017-06-29 22:35:17,Michael,4137,Decker
21,2015-11-24 02:15:36,Aaron,2411,Bartlett
58,2016-06-03 23:35:30,Michael,4508,Carter
32,2016-03-10 04:11:31,Brittany,771,Butler
46,2015-11-27 23:11:21,Jonathan,1545,Avila
44,2016-10-29 02:07:21,Brandon,603,Jackson
22,2016-02-09 17:01:38,Carlos,5630,Estrada
32,2016-06-08 22:10:13,Donna,1268,Campbell
54,2016-05-15 04:22:01,Alexis,1555,Bennett
20,2015-12-17 08:43:40,Adam,3800,Armstrong
25,2015-12-28 04:21:39,Charles,8304,Berry
23,2015-11-25 13:36:22,Corey,6063,Andrews
48,2017-09-26 16:31:56,Robert,3454,Murphy
20,2017-04-11 16:35:33,Cheryl,7554,Huerta
30,2015-12-25 20:24:37,Emily,6145,Hawkins
31,2016-11-09 19:50:51,Kaylee,9979,Miller
24,2015-11-20 05:37:11,Angela,4913,Brooks
25,2015-11-19 21:24:33,Daniel,9759,Brooks
20,2016-12-31 00:06:36,Dawn,7294,Anderson
21,2015-11-24 02:15:36,Aaron,808,Bartlett
28,2016-11-15 10:40:03,Anthony,9936,Cantu
30,2016-07-03 10:59:40,Peter,6844,Roberts
47,2017-04-26 03:26:23,Aaron,3419,Jenkins
25,2017-07-20 05:51:23,Rhonda,4988,Durham
20,2017-01-17 01:49:27,Regina,552,Morales
25,2015-11-19 21:24:33,Daniel,8312,Brooks
38,2015-10-26 09:45:45,Nicholas,6261,Hart
20,2015-10-26 23:04:52,Amanda,5758,Arnold
38,2017-05-03 03:08:33,Virginia,1137,Vega
31,2016-01-21 12:53:34,Karina,2301,Morton
33,2017-04-19 08:49:40,Sarah,232,Buchanan
40,2016-01-03 12:03:05,Jessica,9475,Mejia
27,2016-03-03 07:28:39,John,4996,Anderson
34,2016-02-26 00:38:01,Alexis,7738,George
20,2015-11-07 20:59:32,Abigail,8886,Bates
22,2015-11-30 10:51:59,Allison,4357,Adams
21,2015-11-01 09:16:18,Amanda,450,Benitez
28,2015-10-29 08:51:34,Angela,6066,Flores
21,2015-10-24 05:35:27,Aaron,640,Anderson
58,2016-10-22 16:08:50,Scott,3008,Houston
40,2016-08-02 19:06:12,Carmen,8081,Taylor
21,2015-11-01 09:16:18,Amanda,310,Benitez
20,2017-06-17 20:00:37,Jamie,10052,Bryant
35,2016-10-21 03:38:15,Erin,6939,Thompson
22,2016-07-03 13:53:31,Danny,10087,Ramsey
34,2015-12-20 18:05:14,Carla,10050,Arnold
22,2016-11-07 11:01:26,Barbara,6341,Duran
32,2016-03-02 01:25:48,Jane,10783,Aguilar
58,2017-06-17 04:42:14,Matthew,6747,Simon
34,2016-03-14 20:42:08,Adam,2011,Anderson
27,2016-08-31 20:20:25,Calvin,5647,Atkins
20,2015-11-02 04:40:42,Aaron,10931,Bailey
26,2016-01-03 06:10:45,Cindy,6496,Bennett
37,2016-03-06 21:35:04,Nathan,4654,Howard
21,2015-12-02 08:29:10,Andrew,7940,Arnold
40,2016-01-03 12:03:05,Jessica,9475,Mejia
31,2017-04-29 03:22:38,Joseph,8448,Church
38,2015-11-15 16:53:09,Ashley,2315,Briggs
30,2016-05-22 08:40:37,Lauren,1631,Powell
30,2016-10-26 06:53:14,Jeffrey,1139,Smith
22,2015-10-24 15:35:59,Anthony,1503,Bryan
34,2015-12-17 06:10:31,Kristina,4780,King
42,2016-07-29 00:56:59,Jordan,10538,Grant
21,2016-02-02 12:25:05,Donna,7467,Carroll
25,2015-11-26 03:43:03,Carl,10883,Hampton
27,2017-04-27 09:48:22,Samantha,5091,Hall
20,2015-12-12 11:20:08,Andrea,10321,Burke
40,2017-03-08 06:03:20,Erik,1611,Martinez
46,2016-11-18 10:00:53,Colin,4949,Clayton
36,2016-07-31 17:22:08,Eric,6170,Gonzalez
40,2016-10-21 21:15:50,Jason,7484,Herrera
21,2015-12-03 10:40:24,Abigail,4922,Barry
28,2016-10-14 03:43:48,Brian,7039,Buckley
20,2016-01-24 09:18:29,James,8120,Goodwin
20,2016-01-30 15:21:25,Cynthia,1179,Clark
25,2016-01-14 12:21:54,Charles,1308,Clark
40,2016-06-23 22:33:38,Timothy,4556,Meyer
21,2015-11-17 01:16:08,Barbara,4857,Clark
45,2016-05-27 10:56:28,Justin,4396,Morris
28,2017-01-05 12:11:56,April,2172,Shaffer
44,2015-10-27 20:31:15,Andrew,4064,Garcia
20,2015-11-30 10:24:37,Courtney,3393,Berg
47,2015-10-21 09:05:46,Jennifer,1175,Dunn
23,2016-03-30 16:14:41,Briana,6276,Bryant
35,2015-10-30 03:04:23,Kylie,3930,Alvarez
21,2015-11-29 21:11:06,Ashley,5317,Carter
20,2015-10-25 13:11:51,Abigail,3352,Adams
21,2016-01-28 22:04:16,Denise,9530,Graves
38,2017-06-25 02:03:31,Ashley,7271,Castro
25,2015-11-19 21:24:33,Daniel,9808,Brooks
45,2017-04-19 00:02:19,Dawn,9120,Mcdowell
28,2016-05-03 03:50:42,Alice,1778,Bennett
37,2017-08-09 03:52:40,Kimberly,2780,Mack
53,2016-07-14 12:43:36,Gloria,10247,Mills
22,2015-10-24 15:35:59,Anthony,1263,Bryan
21,2015-12-02 08:29:10,Andrew,7862,Arnold
23,2015-11-25 13:36:22,Corey,2288,Andrews
50,2017-03-19 15:29:02,Robert,3266,Golden
27,2016-01-29 09:37:46,Jacob,7262,Alvarez
50,2015-12-06 10:58:54,William,5254,Combs
22,2015-11-11 17:56:54,Caitlyn,5349,Baker
28,2016-05-03 03:50:42,Alice,3349,Bennett
21,2015-11-02 23:30:01,Brandon,616,Holmes
41,2016-04-10 12:18:20,Kyle,1676,Mccarthy
33,2015-10-24 16:39:50,Anthony,2970,Brown
36,2015-12-14 13:52:48,Angela,10715,Brown
47,2016-07-28 09:04:46,Brittany,9183,Cruz
45,2016-07-27 15:08:03,Herbert,222,Sawyer
47,2015-12-18 14:49:13,Theresa,7560,Dixon
31,2015-10-22 22:51:57,Bailey,2334,Rogers
28,2016-06-11 14:48:17,Janet,9812,Andrews
22,2016-01-18 20:23:23,Amanda,5044,Bowers
21,2016-12-02 04:34:51,Hannah,10507,Allen
29,2016-02-28 04:37:04,Amber,4944,Bennett
22,2016-05-18 00:47:21,Danielle,4115,Cook
21,2015-10-28 03:59:42,Anthony,643,Adkins
22,2016-04-07 20:10:55,Deanna,1776,Molina
48,2016-08-05 06:18:29,Michael,935,Brooks
34,2017-05-27 14:44:48,April,6403,Simmons
42,2016-08-11 18:30:52,Marie,4080,Kennedy
23,2015-11-09 12:22:53,John,2499,Hamilton
21,2017-03-07 07:21:57,Ashley,2452,Cortez
21,2015-10-27 11:16:56,Carrie,2795,Holder
22,2015-11-11 17:56:54,Caitlyn,5512,Baker
21,2015-12-03 10:40:24,Abigail,4769,Barry
26,2016-06-15 18:10:59,Michael,6756,Clark
21,2015-11-24 02:15:36,Aaron,644,Bartlett
32,2016-03-15 21:43:17,Michael,4764,Adams
23,2017-10-13 13:55:52,Elaine,6021,Savage
20,2015-11-02 04:40:42,Aaron,10479,Bailey
33,2015-10-31 10:25:32,Valerie,6631,Leach
28,2017-07-09 11:52:42,Lawrence,4866,Lane
28,2016-07-10 23:56:30,Pamela,4892,Wilson
59,2016-07-02 04:35:40,Aaron,2508,Johnson
23,2016-02-10 22:37:52,Julie,4565,Johnson
28,2016-03-12 02:52:38,Andrew,4936,Miller
36,2016-03-15 11:19:05,Alfred,1322,Murray
20,2015-11-12 14:40:14,Abigail,3561,Allen
30,2016-04-21 15:45:11,Julia,6333,Bennett
24,2015-10-21 03:17:47,Carl,8352,Thompson
20,2016-09-05 19:29:24,Stanley,4448,Jones
28,2016-09-08 04:09:44,Michael,8637,Grant
21,2016-04-05 00:40:22,Edward,2090,Oliver
28,2017-04-16 00:14:21,Ronald,3843,Hanson
33,2016-05-22 06:19:03,Frank,6503,Jackson
20,2016-01-07 19:49:22,David,533,Griffith
50,2016-06-29 03:16:01,David,3979,Manning
22,2016-01-19 16:56:23,Amanda,1821,Cooper
21,2015-10-30 01:31:09,Amanda,287,Alvarez
20,2015-11-12 14:40:14,Abigail,4213,Allen
21,2015-12-10 01:13:45,Abigail,544,Carter
39,2017-03-18 05:26:56,Peter,8255,Huffman
50,2016-02-03 06:04:15,Debra,9721,Jenkins
45,2016-07-27 15:08:03,Herbert,867,Sawyer
24,2015-11-20 05:37:11,Angela,4500,Brooks
55,2017-07-13 23:48:07,Manuel,7073,Ashley
20,2015-12-13 16:33:13,Amber,4482,Blevins
26,2016-05-30 04:59:21,Daniel,9567,Dorsey
54,2016-08-12 04:15:37,Jeffrey,6849,Jones
44,2016-04-25 23:51:06,Steven,4931,Duncan
32,2017-09-19 15:10:12,Melissa,7446,Weiss
32,2016-06-01 06:25:53,Brian,10524,Conley
30,2016-05-29 17:08:36,David,6770,Buckley
42,2016-05-09 01:25:48,Jacob,5184,Chapman
21,2016-04-05 00:40:22,Edward,2090,Oliver
21,2015-12-13 04:59:44,Angela,9969,Bailey
21,2015-10-30 01:31:09,Amanda,301,Alvarez
21,2015-10-30 01:31:09,Amanda,734,Alvarez
20,2017-01-17 01:49:27,Regina,552,Morales
25,2017-08-24 13:05:36,Brandi,8699,Martin
51,2017-06-08 14:07:12,Sarah,6680,Buckley
23,2016-03-04 06:21:39,Jeffrey,6589,Gross
21,2016-08-12 18:53:00,Leah,5117,Gonzalez
32,2016-05-21 16:43:34,Nancy,8083,Sanchez
30,2016-01-31 11:52:34,Morgan,2216,Turner
20,2015-10-21 22:27:27,Albert,462,Allison
21,2015-11-24 02:15:36,Aaron,856,Bartlett
56,2017-04-21 18:32:30,Frank,10936,Howard
25,2015-11-17 01:31:08,Andrew,4889,Gordon
24,2017-08-03 05:18:28,Barbara,5463,Riley
22,2015-11-07 09:52:29,Austin,9665,Abbott
43,2016-03-17 20:37:41,Angela,7500,Chavez
31,2015-11-25 21:28:12,Austin,8385,Miller
21,2015-11-01 09:16:18,Amanda,310,Benitez
30,2016-10-24 17:36:15,Isabel,9700,Rogers
44,2015-10-24 12:52:57,Michael,3630,Mckay
21,2015-10-30 01:31:09,Amanda,283,Alvarez
22,2015-11-11 17:56:54,Caitlyn,9941,Baker
45,2016-07-27 15:08:03,Herbert,867,Sawyer
33,2016-08-07 08:38:33,Eric,3239,Anderson
26,2015-10-30 21:57:35,Barbara,4348,Allen
29,2016-03-17 11:34:05,Abigail,2304,Burch
42,2016-11-05 11:17:22,Carrie,5297,Hurley
21,2015-12-30 17:47:03,Heather,2140,Adams
31,2016-04-05 12:30:56,Amanda,6937,Brewer
26,2015-10-30 21:57:35,Barbara,4574,Allen
28,2016-04-09 00:36:10,Charles,9433,Bowen
26,2016-05-30 04:59:21,Daniel,9539,Dorsey
20,2015-11-12 00:58:51,Ashley,4497,Gentry
52,2016-07-12 11:24:37,Maxwell,9496,James
20,2015-11-12 14:40:14,Abigail,3977,Allen
21,2015-12-03 10:40:24,Abigail,4420,Barry
30,2015-12-16 01:03:02,Bernard,4157,Davis
26,2016-05-30 04:59:21,Daniel,9539,Dorsey
34,2015-11-04 06:24:08,Anthony,9072,Mason
52,2016-02-14 10:15:47,Caitlin,2928,Smith
30,2016-05-11 07:28:15,Dustin,8164,Turner
22,2015-12-19 11:12:21,Charles,3320,Braun
20,2016-04-17 14:14:11,Andrew,809,Winters
28,2016-05-03 03:50:42,Alice,1735,Bennett
29,2016-03-17 11:34:05,Abigail,2633,Burch
21,2015-12-05 06:09:18,Antonio,3723,Davis
21,2015-11-24 02:15:36,Aaron,414,Bartlett
22,2016-02-06 07:52:27,Natalie,9020,Davis
20,2015-11-12 00:58:51,Ashley,2237,Gentry
47,2017-09-18 13:53:40,Jeremy,9106,Hebert
23,2015-11-25 13:36:22,Corey,3757,Andrews
24,2015-11-28 02:20:00,Cody,10444,Cochran
21,2015-10-30 01:31:09,Amanda,601,Alvarez
30,2016-01-08 05:22:50,Andrew,6122,Duncan
22,2015-11-30 10:51:59,Allison,4463,Adams
21,2016-02-02 12:25:05,Donna,7147,Carroll
49,2016-12-09 03:29:50,Jose,7377,Franklin
25,2015-10-25 14:27:30,Dana,3658,Mckinney
20,2015-11-12 00:58:51,Ashley,4821,Gentry
43,2016-02-06 11:54:26,Andrea,1331,Sparks
25,2015-10-25 14:27:30,Dana,3658,Mckinney
20,2016-03-02 01:37:55,Aaron,1483,Baldwin
20,2015-11-12 14:40:14,Abigail,4141,Allen
20,2015-11-12 14:40:14,Abigail,3766,Allen
23,2017-08-27 08:03:36,Brad,4801,Guerrero
34,2016-10-31 21:23:15,Wayne,10506,Murphy
21,2015-11-29 01:52:23,Donald,7476,Hooper
23,2015-10-23 13:00:32,Alan,5332,Anderson
21,2015-12-02 08:29:10,Andrew,8180,Arnold
28,2017-04-16 00:14:21,Ronald,3843,Hanson
36,2016-05-06 15:28:47,Matthew,10239,Bray
24,2016-12-22 02:34:05,Robert,9962,Barnes
28,2016-07-10 23:56:30,Pamela,4892,Wilson
30,2015-12-16 01:03:02,Bernard,3988,Davis
21,2016-02-02 12:25:05,Donna,7467,Carroll
51,2016-03-23 21:46:29,Gina,10968,Hammond
44,2016-09-25 18:38:31,Ana,4592,Rodriguez
20,2015-11-14 19:24:56,Anthony,9629,Baker
47,2015-10-21 09:05:46,Jennifer,1062,Dunn
20,2015-11-30 10:24:37,Courtney,3393,Berg
25,2015-12-28 04:21:39,Charles,8304,Berry
23,2015-11-25 13:36:22,Corey,6063,Andrews
48,2017-09-26 16:31:56,Robert,3454,Murphy
20,2017-04-11 16:35:33,Cheryl,7554,Huerta
30,2015-12-25 20:24:37,Emily,6145,Hawkins
31,2016-11-09 19:50:51,Kaylee,9979,Miller
24,2015-11-20 05:37:11,Angela,4913,Brooks
25,2015-11-19 21:24:33,Daniel,9759,Brooks
20,2016-12-31 00:06:36,Dawn,7294,Anderson
21,2015-11-24 02:15:36,Aaron,808,Bartlett
28,2016-11-15 10:40:03,Anthony,9936,Cantu
30,2016-07-03 10:59:40,Peter,6844,Roberts
47,2017-04-26 03:26:23,Aaron,3419,Jenkins
25,2017-07-20 05:51:23,Rhonda,4988,Durham
20,2017-01-17 01:49:27,Regina,552,Morales
25,2015-11-19 21:24:33,Daniel,8312,Brooks
32,2016-10-23 14:06:51,Dylan,2863,Holmes
36,2015-12-08 20:02:43,Rachel,5730,Davis
26,2015-11-11 03:20:57,Brian,2923,Nelson
20,2015-10-21 08:27:36,Amanda,2418,Adams
22,2015-12-21 08:06:54,Andrew,3156,Baker
20,2015-11-28 02:20:29,Claudia,428,Adams
24,2016-01-11 12:03:48,Anne,7343,Clayton
22,2015-12-31 14:57:02,Carol,10138,Silva
21,2015-11-12 06:21:36,Denise,7922,Adams
22,2015-10-24 18:56:30,Amanda,9590,Allen
44,2017-06-21 19:53:27,Kayla,2698,Burton
28,2016-06-16 02:06:38,Aimee,831,Collins
21,2015-11-12 06:21:36,Denise,8606,Adams
20,2015-10-23 22:47:39,Larry,4076,Pineda
20,2015-10-31 18:51:07,Aaron,1422,Abbott
20,2015-11-12 03:23:49,Amanda,1371,Brown
30,2016-02-21 12:54:01,Ashley,2604,Evans
59,2016-12-17 11:10:48,Ariana,1198,Gross
30,2016-12-21 13:39:14,Derrick,10370,Kim
20,2016-08-26 16:09:52,Dawn,7167,Bradley
25,2016-04-27 02:59:27,Glenn,772,Hammond
20,2016-07-27 06:20:48,Debra,7510,Becker
20,2015-10-26 04:12:32,Angela,7234,Allen
20,2015-10-23 16:08:41,Aaron,7874,Abbott
20,2015-10-31 18:51:07,Aaron,1450,Abbott
21,2015-11-05 22:07:56,Albert,9093,Adams
36,2016-06-03 23:53:50,David,5293,Taylor
20,2015-10-23 16:08:41,Aaron,7733,Abbott
56,2016-02-04 23:27:36,Justin,8366,Ewing
53,2016-02-20 13:03:00,Nicole,10168,Gray
50,2017-07-31 16:56:52,Jeremy,2498,Chase
59,2016-09-06 06:21:57,Lydia,6250,Nelson
55,2017-08-11 14:24:41,Gerald,3563,Davis
30,2015-11-29 15:45:13,Beth,3945,Johnson
25,2016-03-26 04:30:23,Andrew,8174,Brown
23,2017-01-12 11:17:31,Diana,680,Ballard
55,2017-08-04 01:04:25,Vernon,9527,Brown
28,2015-12-21 00:33:51,Jason,5959,Brooks
24,2016-02-25 08:52:45,Jacob,10120,Baird
21,2015-11-16 23:15:00,Amanda,4045,Allen
21,2015-11-01 09:16:18,Amanda,74,Benitez
44,2017-09-28 16:41:00,Joseph,7850,Kelly
27,2015-11-11 01:45:05,Grant,4055,George
20,2016-08-26 16:09:52,Dawn,7383,Bradley
20,2015-10-23 16:08:41,Aaron,7745,Abbott
31,2016-01-30 13:25:52,Brian,1814,Hansen
43,2016-01-21 09:41:10,James,2343,Graves
23,2016-10-03 21:44:53,Jacob,4862,Castro
43,2016-09-01 18:15:56,Cindy,334,Morales
21,2015-11-16 23:15:00,Amanda,3626,Allen
44,2016-10-17 08:09:28,Steven,6916,Dixon
20,2015-10-23 16:08:41,Aaron,8100,Abbott
33,2015-11-12 14:10:39,Amy,5166,Caldwell
50,2015-12-30 08:56:15,Barbara,1675,Ford
32,2016-02-19 01:20:00,Brian,5527,Herman
20,2015-10-23 16:08:41,Aaron,7670,Abbott
48,2016-04-26 11:49:56,Lori,10371,Campos
29,2015-11-01 23:09:37,Brian,9502,Barnes
57,2016-06-05 21:37:09,Dana,1173,Jackson
20,2015-10-23 16:08:41,Aaron,8090,Abbott
20,2015-10-21 08:27:36,Amanda,9335,Adams
24,2016-06-15 12:49:30,Anthony,3032,Chen
38,2016-03-11 13:19:05,Devon,6575,Waller
20,2015-10-23 16:08:41,Aaron,8237,Abbott
53,2016-06-07 07:09:02,Jason,1024,Martin
24,2016-06-15 12:49:30,Anthony,2759,Chen
52,2017-05-08 12:25:11,Meghan,7276,Gomez
34,2015-11-13 06:33:05,Ashley,6328,Combs
23,2017-01-17 06:38:28,Brian,9718,Barnes
35,2016-03-05 05:16:44,Cynthia,604,Ortiz
20,2015-11-12 03:23:49,Amanda,7891,Brown
22,2015-12-21 08:06:54,Andrew,3231,Baker
20,2016-01-31 04:46:39,Amanda,9903,Baker
52,2016-01-08 17:05:07,Lauren,10154,Hill
38,2016-08-12 12:33:07,David,9584,Harper
57,2017-09-29 23:40:45,James,9363,Warren
20,2015-10-23 16:08:41,Aaron,8449,Abbott
20,2015-10-31 18:51:07,Aaron,2025,Abbott
47,2017-06-29 18:04:56,Stacey,4398,Scott
21,2015-11-16 23:15:00,Amanda,4251,Allen
24,2015-10-29 18:48:47,Alex,3884,Jimenez
23,2015-12-20 18:33:11,Brian,7685,Howard
35,2017-09-16 08:44:13,Jason,1570,Thomas
20,2015-10-23 16:08:41,Aaron,7769,Abbott
26,2016-01-19 18:41:59,Amanda,896,Guzman
46,2016-05-01 10:44:18,Arthur,9749,Riggs
24,2015-12-04 05:17:24,Adrian,1598,Baker
20,2016-06-30 10:13:01,Molly,8511,Curtis
20,2015-10-21 08:27:36,Amanda,6749,Adams
28,2016-06-16 02:06:38,Aimee,831,Collins
38,2017-03-23 16:11:45,Michael,4122,Chan
22,2015-12-24 13:28:36,James,1775,Graham
31,2017-02-25 07:58:37,Heather,9482,Hall
54,2016-03-07 19:38:00,Jose,1530,Robbins
48,2016-02-01 07:15:19,Holly,1104,Bailey
32,2017-08-02 14:05:48,Daniel,9643,Reyes
25,2016-01-14 00:10:04,Aaron,2308,Greene
21,2016-04-15 19:54:05,Anthony,4641,Dean
20,2015-10-23 16:08:41,Aaron,7964,Abbott
26,2015-11-14 05:58:38,Calvin,9455,Baker
56,2016-10-23 06:50:28,Jack,6978,Morales
21,2016-03-28 10:54:55,David,10570,Evans
24,2015-12-04 05:17:24,Adrian,1411,Baker
29,2016-12-15 04:11:20,Daniel,4590,Davis
20,2015-10-23 16:08:41,Aaron,7666,Abbott
21,2016-03-06 15:54:40,Jack,10602,Dodson
22,2017-07-20 11:18:24,John,678,Trujillo
53,2017-01-23 23:59:16,Andrew,1349,Allen
37,2015-11-28 01:46:17,Bryce,2523,Bailey
22,2017-09-25 07:45:23,Steven,5155,Weiss
33,2016-06-06 19:14:47,Nancy,7600,Franco
55,2016-04-12 09:43:50,Seth,7413,Gardner
40,2015-10-23 18:02:31,Betty,5460,Cannon
20,2015-10-21 08:27:36,Amanda,1729,Adams
20,2015-10-26 04:12:32,Angela,6878,Allen
56,2017-04-17 06:27:04,Meghan,204,Larson
20,2015-10-26 04:12:32,Angela,6963,Allen
25,2016-01-14 00:10:04,Aaron,3285,Greene
33,2015-11-14 10:12:03,David,8407,Brooks
35,2015-11-03 05:49:39,Erica,4849,Murphy
21,2015-11-16 23:15:00,Amanda,4045,Allen
21,2015-11-05 22:07:56,Albert,8738,Adams
58,2015-11-30 19:16:40,Kelly,6586,Carter
38,2015-11-19 03:01:18,Cesar,1188,Miller
25,2016-03-26 04:30:23,Andrew,7752,Brown
20,2016-01-12 03:41:16,Ashley,3983,Allen
22,2015-11-13 10:22:18,Andrea,7090,Allen
21,2015-10-21 22:43:58,Adrian,6705,Allen
20,2015-10-23 16:08:41,Aaron,8813,Abbott
25,2016-02-18 20:48:04,Bradley,5126,Long
33,2017-04-28 12:34:25,John,4983,Mueller
20,2016-12-20 21:37:01,Charles,4651,York
47,2017-10-04 16:16:34,James,6633,Turner
33,2016-12-09 20:16:49,Brooke,10500,Vang
47,2017-10-06 04:10:16,Jessica,6671,Long
20,2015-10-31 18:51:07,Aaron,1379,Abbott
25,2016-01-14 00:10:04,Aaron,3285,Greene
21,2016-03-28 10:54:55,David,10659,Evans
25,2015-11-01 01:31:22,Anita,5763,Acosta
25,2016-05-31 08:49:03,Haley,7078,Jordan
21,2015-11-16 23:15:00,Amanda,3647,Allen
21,2015-11-16 23:15:00,Amanda,3480,Allen
37,2015-10-22 18:00:07,Tommy,7958,Murray
20,2015-11-14 17:38:31,Andrew,3485,Burke
53,2016-05-21 02:14:41,Robert,7529,Black
23,2016-05-27 08:41:11,Alicia,8977,Brown
37,2017-02-26 16:11:58,Stephen,6781,Chan
20,2015-10-23 16:08:41,Aaron,7642,Abbott
22,2015-11-24 12:08:06,Brenda,9896,Baker
23,2016-12-05 19:08:39,David,4361,Hardin
27,2015-12-24 10:01:06,Jasmine,1811,Buck
22,2016-02-08 21:50:41,Adam,5692,Bennett
25,2016-07-07 18:59:52,Gary,9173,Collins
24,2015-12-26 21:27:59,Brett,4353,Oliver
21,2016-03-28 10:54:55,David,10570,Evans
52,2016-11-03 14:42:54,Brandon,8146,Berg
46,2017-06-04 06:45:13,Julie,1550,Branch
27,2015-11-11 01:45:05,Grant,3281,George
20,2015-11-14 17:38:31,Andrew,3287,Burke
20,2015-10-21 08:27:36,Amanda,9117,Adams
25,2016-07-03 05:41:35,Amanda,1919,Brown
20,2015-10-23 16:08:41,Aaron,8552,Abbott
21,2015-11-05 22:07:56,Albert,8808,Adams
21,2016-03-28 10:54:55,David,10711,Evans
53,2016-02-15 13:30:18,George,5283,Allen
20,2015-10-23 16:08:41,Aaron,7886,Abbott
27,2015-12-25 02:56:59,Paul,4164,Johnson
59,2016-09-14 15:19:11,Kristen,10467,Cox
21,2015-11-05 22:07:56,Albert,8808,Adams
20,2015-10-23 16:08:41,Aaron,8901,Abbott
20,2015-10-23 16:08:41,Aaron,7634,Abbott
20,2015-10-23 16:08:41,Aaron,8462,Abbott
28,2017-05-26 05:55:13,Shannon,4916,Dean
52,2016-04-07 15:06:07,Amanda,1819,Nunez
20,2016-01-05 10:21:07,Shawn,10131,Woods
22,2015-10-24 18:56:30,Amanda,9942,Allen
49,2016-03-01 18:50:01,Timothy,476,Smith
20,2015-10-23 16:08:41,Aaron,8587,Abbott
22,2015-10-24 18:56:30,Amanda,9545,Allen
40,2016-05-19 11:01:11,Stephen,1834,West
50,2017-01-22 20:23:14,Brent,485,Baldwin
22,2015-12-24 13:28:36,James,2730,Graham
31,2017-02-25 07:58:37,Heather,9482,Hall
20,2016-04-10 02:39:57,April,10072,Brown
37,2016-02-11 22:50:59,Brian,6343,Bailey
47,2015-10-21 09:05:46,Jennifer,927,Dunn
32,2016-10-23 14:06:51,Dylan,2863,Holmes
36,2015-12-08 20:02:43,Rachel,5730,Davis
26,2015-11-11 03:20:57,Brian,2923,Nelson
20,2015-10-21 08:27:36,Amanda,2418,Adams
22,2015-12-21 08:06:54,Andrew,3156,Baker
20,2015-11-28 02:20:29,Claudia,428,Adams
24,2016-01-11 12:03:48,Anne,7343,Clayton
22,2015-12-31 14:57:02,Carol,10138,Silva
21,2015-11-12 06:21:36,Denise,7922,Adams
22,2015-10-24 18:56:30,Amanda,9590,Allen
44,2017-06-21 19:53:27,Kayla,2698,Burton
28,2016-06-16 02:06:38,Aimee,831,Collins
21,2015-11-12 06:21:36,Denise,8606,Adams
20,2015-10-23 22:47:39,Larry,4076,Pineda
20,2015-10-31 18:51:07,Aaron,1422,Abbott
20,2015-11-12 03:23:49,Amanda,1371,Brown
30,2016-02-21 12:54:01,Ashley,2604,Evans
20,2015-10-24 11:23:51,Abigail,7528,Ali
25,2016-01-13 17:36:30,Amanda,5069,Ball
20,2015-10-24 11:23:51,Abigail,3089,Ali
24,2016-03-09 10:48:14,Tammy,8653,Davis
20,2016-01-01 13:50:40,Alvin,7166,Adams
20,2016-02-27 21:13:44,Alex,9546,Barnes
20,2016-07-23 20:51:06,Lisa,5468,Gamble
20,2015-10-23 12:40:19,Brett,205,Bryant
20,2016-01-26 01:49:23,Alicia,719,Avila
20,2016-07-02 02:32:30,Ann,1094,Elliott
51,2016-10-09 14:47:51,Melanie,223,Hill
32,2016-08-23 20:36:12,Shawn,2637,Jones
27,2016-12-18 10:11:23,Joshua,2060,Long
21,2016-01-10 09:41:14,Jose,9487,Bailey
34,2016-05-08 16:27:01,Julie,10245,Cook
28,2015-11-26 11:23:50,Gary,3750,Barker
23,2016-01-06 12:22:08,Amber,3334,Casey
35,2016-11-19 22:36:49,Aaron,5333,Clark
20,2015-10-24 11:23:51,Abigail,1341,Ali
26,2017-06-12 16:02:59,Mary,5151,Jordan
39,2017-04-04 06:05:03,Eric,3351,Taylor
58,2016-09-18 07:28:19,Kevin,2955,Young
43,2016-11-29 22:22:47,Gary,6558,Tanner
20,2016-04-07 13:02:08,Juan,1216,Cortez
42,2017-01-31 05:08:14,Linda,1599,Rojas
33,2015-11-29 07:33:20,Jacob,6134,Baker
28,2016-04-12 03:40:13,Aaron,3824,Berry
48,2016-09-12 23:54:34,Debra,6479,Morse
42,2017-07-02 17:25:18,James,7370,Keith
20,2016-04-10 02:39:57,April,3240,Brown
23,2016-01-06 12:22:08,Amber,3360,Casey
24,2015-11-09 03:47:45,Carlos,527,Dixon
20,2015-11-23 06:34:47,Alexis,5737,Bell
29,2017-01-13 08:26:21,Jill,649,Gilmore
30,2016-01-30 06:09:57,David,5704,Craig
20,2015-10-24 11:23:51,Abigail,7240,Ali
20,2015-10-24 11:23:51,Abigail,1341,Ali
20,2016-01-01 13:50:40,Alvin,7437,Adams
23,2016-10-21 08:22:24,James,5198,Sharp
23,2015-10-29 19:12:55,Amy,9407,Andrews
27,2016-06-14 18:48:59,Tyler,8926,Davis
51,2016-08-07 18:45:21,Kevin,365,Torres
47,2016-04-27 16:02:10,James,3813,Green
37,2016-01-13 20:19:57,Luke,9014,Carter
32,2016-06-10 15:27:19,John,9550,Foster
20,2015-11-14 17:38:31,Andrew,857,Burke
27,2016-02-22 03:37:09,Angela,3644,Hall
36,2017-04-01 04:04:00,Leah,5395,Franco
21,2015-11-22 23:22:23,Adam,1786,Gibson
20,2016-01-01 13:50:40,Alvin,7539,Adams
23,2015-11-30 05:25:22,Frank,8004,Combs
39,2015-12-21 02:15:53,Heidi,4113,Perez
38,2017-08-13 19:07:29,James,1694,Mills
49,2016-04-06 13:56:50,James,5402,Brown
37,2015-12-29 23:56:30,Amanda,10853,Cox
27,2016-05-01 09:31:11,Duane,2465,Lopez
36,2016-09-21 11:18:22,Angela,33,Conner
38,2015-12-09 10:50:57,Brian,5159,Davis
38,2015-12-09 10:50:57,Brian,5759,Davis
27,2016-09-02 02:25:43,Grace,10526,Luna
36,2017-05-31 09:19:59,Erica,6740,Green
20,2016-04-10 02:39:57,April,2668,Brown
47,2016-08-01 06:36:32,Karen,7952,Clark
48,2015-12-20 02:56:01,Cody,8461,Barker
57,2017-08-01 04:00:30,Cheryl,2095,Dean
20,2015-10-24 11:23:51,Abigail,5230,Ali
35,2016-03-07 17:23:18,Brad,2904,Abbott
20,2015-11-10 05:57:33,Angela,8612,Berg
20,2016-04-07 13:02:08,Juan,1465,Cortez
21,2017-01-10 13:22:59,Amanda,7514,Holt
21,2015-11-05 13:39:57,Alison,3562,Cole
33,2016-03-23 06:58:08,Jamie,4530,Davis
21,2015-11-05 13:39:57,Alison,3703,Cole
23,2016-12-27 11:43:07,Joyce,8058,Ochoa
21,2016-05-10 01:52:46,Jay,7057,Hampton
20,2015-11-14 17:38:31,Andrew,857,Burke
34,2017-02-05 07:25:42,Shawn,10156,Gray
59,2017-06-29 10:23:41,Erin,2403,Lawson
35,2016-01-12 09:32:19,Nancy,7165,Jones
49,2016-02-08 06:54:03,Lonnie,5111,Boyd
35,2017-06-27 10:00:11,Nancy,2447,Patel
21,2016-12-02 03:34:06,Laura,187,Knight
20,2015-10-31 18:51:07,Aaron,925,Abbott
28,2016-03-23 00:25:16,Mark,10271,Duran
34,2017-04-25 14:21:09,Anna,4475,Taylor
23,2016-01-06 23:14:16,Andrew,1749,Buck
26,2015-11-24 23:04:52,Ariel,3260,Brown
35,2015-11-25 06:31:01,Lisa,2226,Thomas
20,2015-10-31 18:51:07,Aaron,385,Abbott
21,2015-10-28 03:16:59,April,6814,Blake
29,2016-09-12 12:33:33,Joel,5523,Obrien
34,2016-04-14 21:47:18,Ann,10026,Holmes
20,2015-10-21 21:26:45,Adam,9307,Acosta
29,2016-09-12 12:33:33,Joel,5523,Obrien
21,2015-11-05 20:19:03,Becky,3182,Brady
23,2016-01-06 12:22:08,Amber,2641,Casey
20,2015-11-10 05:57:33,Angela,1469,Berg
20,2015-11-10 05:57:33,Angela,8561,Berg
20,2015-10-24 11:23:51,Abigail,6813,Ali
26,2015-11-24 23:04:52,Ariel,2530,Brown
20,2015-11-14 17:38:31,Andrew,857,Burke
28,2015-11-16 13:20:58,Andre,1963,Carey
21,2016-01-07 08:11:35,Alison,3556,Bell
21,2015-11-05 20:19:03,Becky,3177,Brady
21,2016-07-18 18:19:31,Thomas,926,Stone
20,2016-11-10 21:10:11,Andrew,7512,Bird
38,2016-11-20 06:55:49,David,8204,Davis
20,2015-10-24 11:23:51,Abigail,7283,Ali
21,2015-11-05 13:39:57,Alison,3803,Cole
20,2015-10-24 11:23:51,Abigail,8323,Ali
20,2015-10-24 11:23:51,Abigail,3428,Ali
42,2016-07-17 16:11:13,Patty,8946,Chang
32,2015-12-01 14:33:10,Kevin,4220,Davis
20,2016-02-27 21:13:44,Alex,9766,Barnes
20,2016-01-26 01:49:23,Alicia,372,Avila
37,2016-06-22 01:47:16,Alan,6936,Newman
30,2017-02-25 19:24:53,Holly,10329,Kent
20,2015-11-23 06:34:47,Alexis,5457,Bell
21,2015-11-05 20:19:03,Becky,2732,Brady
21,2015-11-05 13:39:57,Alison,4224,Cole
49,2016-05-08 20:29:33,Carla,443,Atkins
28,2016-02-19 11:07:31,Angel,7260,Brown
28,2016-09-20 21:03:30,Candice,612,Carr
60,2016-12-16 14:41:24,Sandra,891,Allen
23,2016-01-06 12:22:08,Amber,2665,Casey
55,2017-05-05 03:44:58,Casey,5357,Perry
22,2016-01-26 15:27:05,Ann,5252,Acevedo
23,2016-01-12 00:57:43,Frank,7407,Bates
47,2016-08-01 06:36:32,Karen,7952,Clark
20,2015-11-10 05:57:33,Angela,8627,Berg
23,2016-01-06 12:22:08,Amber,3360,Casey
26,2015-11-20 21:50:39,Andres,82,Cortez
20,2015-10-21 21:26:45,Adam,9068,Acosta
49,2016-04-06 13:56:50,James,5268,Brown
53,2017-04-30 08:38:59,Lisa,4514,Brewer
51,2016-08-07 18:45:21,Kevin,365,Torres
34,2017-03-25 20:41:18,Larry,5244,Smith
30,2016-06-10 05:04:34,Stacy,5422,Lopez
24,2017-06-16 09:14:21,Sarah,5120,Henry
34,2017-03-25 20:41:18,Larry,5244,Smith
30,2016-01-17 01:56:03,James,4298,Downs
30,2016-04-03 10:06:53,Becky,8680,Casey
27,2016-03-26 10:36:04,Alison,7109,Chan
42,2016-05-29 08:32:02,Grace,347,Becker
20,2015-12-13 13:33:26,Jason,5608,Ayers
36,2015-10-27 03:03:39,Brenda,899,Brown
22,2016-02-18 14:51:45,Adam,4456,Church
26,2015-11-12 15:36:01,Diana,7751,Barry
20,2015-10-24 11:23:51,Abigail,7528,Ali
25,2016-01-13 17:36:30,Amanda,5069,Ball
20,2015-10-24 11:23:51,Abigail,3089,Ali
24,2016-03-09 10:48:14,Tammy,8653,Davis
20,2016-01-01 13:50:40,Alvin,7166,Adams
20,2016-02-27 21:13:44,Alex,9546,Barnes
20,2016-07-23 20:51:06,Lisa,5468,Gamble
20,2015-10-23 12:40:19,Brett,205,Bryant
20,2016-01-26 01:49:23,Alicia,719,Avila
20,2016-07-02 02:32:30,Ann,1094,Elliott
51,2016-10-09 14:47:51,Melanie,223,Hill
27,2015-12-16 15:20:05,Anne,5494,Allen
23,2016-06-23 14:38:00,Julie,10663,Cox
20,2015-10-28 05:00:33,Barry,1704,Lynn
22,2016-03-01 07:11:48,David,2482,Moss
21,2016-01-07 08:11:35,Alison,159,Bell
31,2016-03-07 01:01:24,Daniel,5309,Roy
39,2015-12-04 03:15:28,Jill,327,Taylor
34,2017-08-22 00:01:29,Mark,8978,Jones
23,2016-02-18 08:44:33,Nancy,1362,Case
27,2016-02-06 15:31:57,Jason,995,Horne
44,2016-08-13 21:13:14,Barry,6615,West
50,2016-07-27 16:22:59,Nancy,2893,Choi
38,2016-12-15 07:06:03,Brian,744,Lloyd
36,2016-01-12 18:33:12,Nancy,7801,Clay
26,2016-02-06 19:00:11,April,9218,Barr
24,2016-07-01 16:11:59,Alfred,409,Chen
23,2016-07-24 20:27:24,Mark,6348,Brown
58,2016-06-21 11:33:31,Stacy,10804,May
22,2015-12-30 05:21:14,Amber,9198,Chen
20,2015-10-21 21:26:45,Adam,501,Acosta
34,2016-04-25 01:45:51,Alan,7162,Davis
29,2016-02-26 03:45:09,Darryl,91,Baker
55,2016-12-13 06:09:30,Jose,3094,Smith
21,2015-11-27 08:22:20,Anna,5911,Adams
20,2016-07-29 04:25:14,Kyle,3504,Floyd
20,2015-11-02 22:24:22,Alex,7961,Adams
34,2016-04-25 01:45:51,Alan,7162,Davis
41,2016-06-25 05:11:46,Mary,10198,Pope
21,2015-12-15 05:28:12,Bobby,2793,Cook
27,2016-11-02 03:54:55,Janet,6797,Shaw
45,2016-04-30 10:48:25,James,7318,Dunn
20,2015-10-21 21:26:45,Adam,741,Acosta
20,2015-10-24 11:23:51,Abigail,525,Ali
33,2017-06-14 08:16:57,Linda,6240,Tate
21,2015-10-31 07:37:40,Amy,4585,Atkins
40,2016-06-30 00:50:31,David,974,Jones
24,2016-02-22 23:13:34,Daniel,909,Peck
27,2017-09-28 00:27:20,Maria,4417,Long
50,2016-09-09 23:42:11,Lisa,6682,Walls
21,2016-01-07 08:11:35,Alison,159,Bell
25,2016-05-20 09:33:35,Alan,6386,Adams
26,2015-11-12 15:36:01,Diana,746,Barry
23,2015-11-19 13:16:24,Amy,10234,Adams
27,2016-07-13 08:39:57,Tammy,1065,Wise
26,2016-01-01 10:11:23,Sarah,179,Salas
20,2015-10-21 21:26:45,Adam,101,Acosta
20,2016-04-15 17:11:11,David,3175,Bell
29,2016-08-09 19:40:48,Kyle,4775,Perry
20,2015-10-21 21:26:45,Adam,709,Acosta
38,2015-11-21 18:19:10,Anna,5360,Cross
22,2015-12-30 05:21:14,Amber,8509,Chen
21,2015-11-27 08:22:20,Anna,5911,Adams
20,2016-04-15 17:11:11,David,3175,Bell
26,2016-06-01 06:11:16,Collin,791,Chen
27,2016-11-02 03:54:55,Janet,6797,Shaw
20,2015-10-21 21:26:45,Adam,497,Acosta
28,2017-01-07 04:44:38,Barry,6188,Hunt
34,2016-02-08 06:32:33,Chad,4724,Burns
58,2016-07-11 22:23:30,Ryan,8477,Adams
25,2016-03-01 10:17:28,Erik,10505,Mann
26,2016-02-06 19:00:11,April,8501,Barr
20,2015-10-21 21:26:45,Adam,271,Acosta
22,2016-03-01 07:11:48,David,2126,Moss
34,2016-10-29 21:15:21,Anne,1862,Brown
43,2017-02-10 05:29:46,David,1698,Hill
21,2015-11-27 08:22:20,Anna,5911,Adams
27,2015-12-16 15:20:05,Anne,5367,Allen
26,2015-11-12 15:36:01,Diana,517,Barry
20,2015-11-14 03:17:41,Amy,5607,Harris
37,2015-10-24 16:08:21,Amy,3070,Castro
20,2015-10-21 21:26:45,Adam,514,Acosta
44,2016-12-29 18:23:10,Eric,4522,Ayala
27,2015-12-16 15:20:05,Anne,5494,Allen
23,2016-06-23 14:38:00,Julie,10663,Cox
20,2015-10-28 05:00:33,Barry,1704,Lynn
22,2016-03-01 07:11:48,David,2482,Moss
21,2016-01-07 08:11:35,Alison,159,Bell
31,2016-03-07 01:01:24,Daniel,5309,Roy
24,2016-01-11 23:08:27,Alex,2293,Bean
30,2016-01-06 09:58:56,Erik,46,Kelley
21,2015-12-27 23:43:42,Anne,2858,Bond
20,2015-10-24 05:05:28,Amy,1706,Adams
22,2015-11-18 23:11:15,Ann,2048,Chung
22,2016-01-02 01:40:52,Mary,6014,Luna
24,2016-05-12 16:28:27,Jay,1967,Flynn
44,2015-10-31 14:35:30,Scott,859,Page
20,2015-10-24 05:05:28,Amy,2577,Adams
21,2015-11-08 16:14:16,Amy,8677,Brown
22,2015-11-18 23:11:15,Ann,2048,Chung
21,2015-11-08 16:14:16,Amy,9270,Brown
22,2016-01-09 15:37:07,Alec,6488,Bell
25,2016-08-09 23:13:29,Darin,4816,Lee
45,2015-10-28 17:36:12,Eric,8224,Buck
25,2015-11-04 05:12:00,Alice,9533,Day
30,2016-04-17 19:47:03,Adam,924,Baker
45,2015-10-28 17:36:12,Eric,7785,Buck
20,2015-10-21 21:26:45,Adam,27,Acosta
22,2015-10-26 03:29:49,Cody,250,Adams
21,2015-10-31 07:37:40,Amy,660,Atkins
21,2015-12-27 23:43:42,Anne,2858,Bond
24,2016-01-11 23:08:27,Alex,2337,Bean
23,2015-11-15 23:49:12,Adam,5365,Cole
33,2017-04-15 12:15:53,Aaron,8944,Lam
20,2015-10-24 05:05:28,Amy,2430,Adams
24,2016-05-12 16:28:27,Jay,1967,Flynn
20,2015-10-21 21:26:45,Adam,63,Acosta
29,2017-04-14 19:58:13,Todd,3747,Ross
50,2017-10-12 11:47:53,Ryan,6675,Long
20,2015-10-24 05:05:28,Amy,2538,Adams
22,2016-01-09 15:37:07,Alec,6245,Bell
42,2017-01-31 23:42:15,Sara,10216,May
37,2016-08-17 16:15:13,Erin,5874,Cain
39,2016-03-18 18:09:26,Adam,4638,Cook
45,2015-10-28 17:36:12,Eric,7622,Buck
20,2015-10-24 05:05:28,Amy,2321,Adams
24,2016-01-11 23:08:27,Alex,2293,Bean
30,2016-01-06 09:58:56,Erik,46,Kelley
48,2017-06-01 23:13:27,Joe,8578,Pham
25,2015-11-26 17:42:37,Jon,427,Burke
24,2017-07-01 07:56:15,Amber,25,Gray
20,2015-10-21 21:26:45,Adam,4,Acosta
55,2017-03-15 23:04:39,John,307,Cruz
36,2016-11-26 08:35:53,Adam,653,Nash
25,2015-10-21 18:29:08,Anna,865,Bird
25,2015-10-21 18:29:08,Anna,498,Bird
33,2016-12-04 21:33:36,Jay,860,Davis
23,2016-06-14 14:03:04,Lance,2754,Li
33,2016-12-04 21:33:36,Jay,358,Davis
20,2015-12-08 16:44:30,Beth,1874,Ali
48,2017-06-01 23:13:27,Joe,8578,Pham
25,2015-11-26 17:42:37,Jon,427,Burke
